Event Name,Location,Date and Time,Description,Attendees
"Powell, Warner and Austin",Mo 12 8010 Graz,19.04.2022 19:40,asdasd,[]
"Page, Hughes and Mitchell","64352 Kerr Rapids Suite 503
West Kimberly, CO 95229",1993-10-06 20:04:39,g,[]
Galloway Ltd,"1346 Henry Island
Ebonyburgh, WV 95851",2016-10-28 09:52:37,d,[]
Phillips Ltd,"610 Brown Ports
Garyville, IN 82807",2021-09-14 07:38:00,a,[]
"Carter, Brown and Russell","4774 Adrienne Ford
Josephside, HI 53276",1997-06-08 14:12:03,j,[]
"Salazar, Mejia and Smith","369 John Harbors
North Johnborough, NJ 34374",1971-08-18 12:30:06,z,[]
Smith PLC,"57713 Rebecca Drive
North Brendafort, MA 45042",1997-05-23 14:30:55,j,[]
Carroll and Sons,"013 Allen Vista Apt. 579
Thompsonville, LA 02234",2006-03-04 05:22:35,p,[]
Small-Johnson,"13991 Avila Road
Rayhaven, AS 58429",2015-11-25 12:48:18,l,[]
"Walker, Smith and Sanchez","4481 Andres Trafficway Suite 497
West Kenneth, MS 39324",1983-12-26 14:46:51,n,[]
nzhgzjzjz,jztjtzjtz,jztjtjtz,Meeting,[]
